LID_Type,Ratio,Total_Runoff,Peak_Runoff,Red_Total,Red_Peak
RAIN_GARDEN,0,40031.85954859179,2.3019635702219814,0.0,0.0
RAIN_GARDEN,1,39811.70754748349,2.265032411157764,0.5499419801897276,1.6043329069997392
RAIN_GARDEN,2,39591.567045305135,2.2283959285295603,1.0998552359333114,3.1958647236683624
RAIN_GARDEN,3,39371.43636873302,2.1920542332560466,1.64974394721068,4.774590631568332
RAIN_GARDEN,4,39151.32264345826,2.1560081339516795,2.199590313971578,6.340475503538368
RAIN_GARDEN,5,38931.224272151725,2.120257682628879,2.7493983263607413,7.8935170800978565
RAIN_GARDEN,6,38711.14296781935,2.084803147444131,3.2991637052715905,9.433703712214236
RAIN_GARDEN,7,38491.08097281309,2.0496447695407243,3.8488808492856963,10.961024924339945
RAIN_GARDEN,8,38271.03794997639,2.0147825314947503,4.398550600623652,12.475481473390037
RAIN_GARDEN,9,38051.002383294755,1.9802170853361136,4.948201726408974,13.977045034419955
RAIN_GARDEN,10,37830.956420593815,1.9459483561495863,5.497878821558255,15.465718861835164
RAIN_GARDEN,11,37610.977004166074,1.9119764731696411,6.047389683427474,16.941497341538437
RAIN_GARDEN,12,37390.9868216596,1.878301534286429,6.59692743907293,18.4043762210667
RAIN_GARDEN,13,37171.21010872787,1.8449233818868909,7.14593194550851,19.85436234731628
RAIN_GARDEN,14,36951.493906265874,1.8169328316452307,7.694785296163631,21.070304710772582
RAIN_GARDEN,15,36731.82527826169,1.827274943887084,8.243519805330113,20.621031213327267
RAIN_GARDEN,16,36512.21118297387,1.8376113339260272,8.792118091206014,20.172006295094246
RAIN_GARDEN,17,36292.65558307767,1.8479429150426783,9.340570254987457,19.723190282091274
RAIN_GARDEN,18,36072.9045646333,1.8617022814114221,9.889510576327332,19.125467253511065
RAIN_GARDEN,19,35853.39788961902,1.8732680327924913,10.437840525246745,18.62303743530357
RAIN_GARDEN,20,35632.39286235895,1.8811158524217464,10.989913373603443,18.282118937253735
RAIN_GARDEN,21,35412.64293827431,1.8845860811012924,11.538850961221392,18.13136812935926
RAIN_GARDEN,22,35193.230630616046,1.8864954634710716,12.086945179507536,18.048422317597566
RAIN_GARDEN,23,34973.70075840382,1.8876499707581673,12.635333075267797,17.998269165652403
RAIN_GARDEN,24,34752.67533829809,1.8879478648927073,13.187456865164304,17.985328294719714
RAIN_GARDEN,25,34532.752340395105,1.8875717526543534,13.736826792974021,18.001667051910275
RAIN_GARDEN,26,34312.845679542675,1.8864444852563296,14.286155910662146,18.050636871094483
RAIN_GARDEN,27,34092.95107466387,1.8845655275169328,14.835454912403224,18.132261001193793
RAIN_GARDEN,28,33873.063748688786,1.881934998515565,15.384735731367371,18.246534269259207
RAIN_GARDEN,29,33653.14885297439,1.878549457349825,15.934085419826038,18.393606152130637
RAIN_GARDEN,30,33433.20563099671,1.8744085326927418,16.483505867583926,18.573492780687662
RAIN_GARDEN,31,33213.2091865099,1.8695095304235567,17.03305926572115,18.786311190698925
RAIN_GARDEN,32,32994.485552506274,1.863982801835068,17.579433170081337,19.02639876897263
RAIN_GARDEN,33,32777.42600050746,1.858395794945924,18.121650180348713,19.26910490739363
RAIN_GARDEN,34,32563.57977925593,1.8530518456462823,18.655840257109844,19.501252338776588
RAIN_GARDEN,35,32348.714957661978,1.846642464169061,19.192574808082043,19.779683394772974
RAIN_GARDEN,36,32128.63037975587,1.8381479582611762,19.742348364414,20.148694703977387
RAIN_GARDEN,37,31905.72426911447,1.8289037333209937,20.299170138758083,20.550274688116367
RAIN_GARDEN,38,31682.77228695522,1.8189109598169866,20.856106500629114,20.984372500665305
RAIN_GARDEN,39,31459.655543477587,1.8081500161458,21.41345443798088,21.451840527109745
RAIN_GARDEN,40,31236.569986402283,1.7966531988872423,21.970724471376457,21.95127576610656
RAIN_GARDEN,41,31013.454601436,1.7844100301828212,22.528069015152795,22.483133388129673
RAIN_GARDEN,42,30790.355631163446,1.771423782122088,23.08537255485409,23.047271249767554
RAIN_GARDEN,43,30567.5158043369,1.7577292995348235,23.642028751541766,23.64217565070661
RAIN_GARDEN,44,30344.250630116294,1.7432337194161798,24.199747470427656,24.271880668898792
RAIN_GARDEN,45,30121.060504699115,1.728003772810381,24.757278716624864,24.933487429440625
RAIN_GARDEN,46,29896.690256018337,1.7118479827017328,25.31775792296409,25.63531391868825
RAIN_GARDEN,47,29673.043308262153,1.6950582995771153,25.876430316098155,26.36467746474117
RAIN_GARDEN,48,29449.397699144487,1.6775226080864023,26.43509936529932,27.126448490032505
RAIN_GARDEN,49,29225.725251228403,1.6592361572194814,26.99383545809707,27.92083338401924
RAIN_GARDEN,50,29002.025188828997,1.6401981187303696,27.55264053216032,28.74786812667921
RAIN_GARDEN,51,28778.292838199566,1.620407933609589,28.111526262556772,29.607577002040443
RAIN_GARDEN,52,28554.526991527815,1.5998646218651835,28.670495666414062,30.500002582104003
RAIN_GARDEN,53,28330.736702281352,1.57856964472302,29.229526128076287,31.425081389502772
RAIN_GARDEN,54,28106.975707247228,1.556529283396843,29.788483412492507,32.382540560937514
RAIN_GARDEN,55,27883.242075407994,1.5337446007956927,30.34737234336433,33.372333922391675
RAIN_GARDEN,56,27659.42829263577,1.510198913599049,30.90646149209736,34.39518621689489
RAIN_GARDEN,57,27435.69070782148,1.4859181508095558,31.465360297541835,35.44997105813161
RAIN_GARDEN,58,27212.92718841131,1.4610581224340724,32.02182587751263,36.529919876482644
RAIN_GARDEN,59,26989.37814484862,1.4353130878365186,32.58025370495679,37.648314404119375
RAIN_GARDEN,60,26765.836001623044,1.4088190641334741,33.1386642952873,38.799245897813236
RAIN_GARDEN,61,26542.360411953796,1.3950244228308977,33.69690863414442,39.39850131093196
RAIN_GARDEN,62,26319.146650669336,1.4090071762342118,34.25449892298303,38.791074087313234
RAIN_GARDEN,63,26094.693152516335,1.4228628019955472,34.81518608736657,38.18916943771015
RAIN_GARDEN,64,25870.788004798975,1.4366391440508988,35.374503466679364,37.59070896537421
RAIN_GARDEN,65,25646.800323697324,1.4503457413195824,35.9340270152414,36.99527828845165
RAIN_GARDEN,66,25422.860261336602,1.4639794501001524,36.49343161169513,36.40301397302396
RAIN_GARDEN,67,25199.218060519506,1.4775333443557659,37.05209214692615,35.814216894262785
RAIN_GARDEN,68,24975.37474008282,1.4910194387004052,37.6112550810511,35.22836512323154
RAIN_GARDEN,69,24751.09394143252,1.5044441854607946,38.171510840287226,34.645178363282305
RAIN_GARDEN,70,24527.742572026676,1.5177757008998691,38.729444875639075,34.06604168138473
RAIN_GARDEN,71,24304.24450583239,1.531023413307814,39.28774536108867,33.49054550154435
RAIN_GARDEN,72,24080.631924192116,1.5442056236092114,39.84633190730905,32.91789481011198
RAIN_GARDEN,73,23857.24661166911,1.5573199021720452,40.404350732919326,32.348195153154805
RAIN_GARDEN,74,23633.905288999587,1.5703799321813803,40.96225967141973,31.780852117049506
RAIN_GARDEN,75,23410.02887870113,1.583390559316946,41.52150526436229,31.215655199779835
RAIN_GARDEN,76,23185.59856043236,1.5962369002549943,42.082134525154814,30.65759506780261
RAIN_GARDEN,77,22962.614254795288,1.6089971798173994,42.63915163140841,30.103273543019547
RAIN_GARDEN,78,22739.344418113375,1.621701008497052,43.196881997170976,29.5514043108567
RAIN_GARDEN,79,22516.03023140406,1.6343396838738198,43.754723149761574,29.00236541466127
RAIN_GARDEN,80,22292.643276395913,1.646895861422839,44.31274607831674,28.45691032095583
RAIN_GARDEN,81,22069.225670623,1.6593833173070687,44.870845572799944,27.91444057704823
RAIN_GARDEN,82,21846.11997953323,1.6718003636848766,45.4281659011723,27.375029504760462
RAIN_GARDEN,83,21622.701744018243,1.6841785867022383,45.98626696875772,26.83730496482919
RAIN_GARDEN,84,21399.18884277272,1.6964363584497375,46.54460451231902,26.30481296947076
RAIN_GARDEN,85,21175.63461212776,1.7085767755360592,47.10304529714843,25.777418998368475
RAIN_GARDEN,86,20952.176862530818,1.7356488817317732,47.66124507132006,24.60137492252311
RAIN_GARDEN,87,20728.85828746911,1.7735913890276398,48.21909718606041,22.9531078610158
RAIN_GARDEN,88,20505.430539040935,1.8040108261069063,48.777222017001556,21.631651801816165
RAIN_GARDEN,89,20281.483901646523,1.8263931804808797,49.33664303795757,20.65933605088467
RAIN_GARDEN,90,20057.70497235634,1.8398972543109429,49.89564512233129,20.072703229898682
RAIN_GARDEN,91,19833.91735853187,1.8436262349733197,50.45466890076163,19.910711932094728
RAIN_GARDEN,92,19614.52945230918,1.8362634527408261,51.00270216400886,20.230559836194416
RAIN_GARDEN,93,19386.305382275365,1.815095818569014,51.57280825602486,21.150106715460225
RAIN_GARDEN,94,19162.483411168512,1.7773508378599943,52.131917859302646,22.789792990138324
RAIN_GARDEN,95,18938.414396631077,1.737104150558038,52.691644579630136,24.538156336221828
RAIN_GARDEN,96,18714.776226357106,1.6957668546546478,53.250295046522666,26.333897000328164
RAIN_GARDEN,97,18491.154274884226,1.6533020147456565,53.808904998682,28.1786194997766
RAIN_GARDEN,98,18267.278224594695,1.6096601539598296,54.36814969231853,30.074473167939487
RAIN_GARDEN,99,18043.525718199642,1.56490599046082,54.92708577202639,32.01864657180852
RAIN_GARDEN,100,17819.619697044516,1.5189130425888409,55.48640533319576,34.01663422317453
GREEN_ROOF,0,40031.85954859179,2.3019635702219814,0.0,0.0
GREEN_ROOF,1,39826.65787354065,2.2658819466866373,0.5125959107696754,1.5674280862691736
GREEN_ROOF,2,39619.858197208014,2.229597481542774,1.0291836453005132,3.143667850148857
GREEN_ROOF,3,39412.803298546234,2.1935258227928025,1.5464089278543924,4.710663054442776
GREEN_ROOF,4,39205.62751769187,2.1577072050094266,2.063936175378056,6.266665862077215
GREEN_ROOF,5,38998.38003608539,2.122157325426592,2.581642532123518,7.810994366780988
GREEN_ROOF,6,38791.0878733471,2.086884274811548,3.0994605027992894,9.343297096126191
GREEN_ROOF,7,38583.76643125921,2.0518923620651806,3.6173516135937778,10.863386866399715
GREEN_ROOF,8,38376.42768535803,2.0171853246167464,4.135285949493184,12.37110131928688
GREEN_ROOF,9,38169.06586215843,1.982765691922734,4.653277932723188,13.866330572228236
GREEN_ROOF,10,37961.732896574475,1.948634953590068,5.171197829330254,15.349009914950196
GREEN_ROOF,11,37754.51454444807,1.9147941775665125,5.68883142033263,16.819092954548086
GREEN_ROOF,12,37547.27685757204,1.8812444004555102,6.206513309739947,18.2765346597514
GREEN_ROOF,13,37340.06538178487,1.8479864033572935,6.724129723575656,19.721301098649025
GREEN_ROOF,14,37132.89409534995,1.8201709276052158,7.241645743992975,20.929638020740082
GREEN_ROOF,15,36925.75931035617,1.8331827391128888,7.7590705834320595,20.364389652955605
GREEN_ROOF,16,36718.66767640627,1.8444020773386107,8.276387631116345,19.877008428906084
GREEN_ROOF,17,36511.627398651806,1.8531756075199513,8.793576390492252,19.49587597768774
GREEN_ROOF,18,36304.38225292408,1.8584938925965213,9.311276912188394,19.26484343028485
GREEN_ROOF,19,36097.37482129384,1.8625977039387942,9.828383621605596,19.08656904769429
GREEN_ROOF,20,35888.86130120271,1.8656320545262906,10.349252555605592,18.954753295840167
GREEN_ROOF,21,35681.59720310931,1.8682088930895462,10.867000420507589,18.842812403439023
GREEN_ROOF,22,35474.6650755084,1.8700776643383297,11.383919019679167,18.76163078645091
GREEN_ROOF,23,35267.60930353554,1.8712088305221382,11.901146483773184,18.712491599435044
GREEN_ROOF,24,35059.05305516905,1.8714981943631008,12.422122153447823,18.699921294469934
GREEN_ROOF,25,34851.59421753395,1.8711283626408817,12.940356479743064,18.715987218666264
GREEN_ROOF,26,34644.147697942426,1.8700197181004177,13.458560035437795,18.764148039054795
GREEN_ROOF,27,34436.70931058628,1.8681717348202997,13.97674327672428,18.844426602278965
GREEN_ROOF,28,34229.27388963863,1.8655845133593445,14.4949191078916,18.95681853994572
GREEN_ROOF,29,34021.806702220645,1.863346554998459,15.013174292031017,19.054038078509905
GREEN_ROOF,30,33814.30799427557,1.8603937809789146,15.531508214773737,19.182310048481156
GREEN_ROOF,31,33606.75282344466,1.8565819229639247,16.049983182390413,19.347901635780794
GREEN_ROOF,32,33400.467348346596,1.852021049040392,16.565286436908643,19.54603135349361
GREEN_ROOF,33,33193.34983475649,1.8464826389471052,17.08266813220237,19.786626390049843
GREEN_ROOF,34,32986.2213198345,1.8400022682624348,17.600077308937145,20.068141300559283
GREEN_ROOF,35,32777.93300129164,1.8324865182967003,18.12038368713582,20.394634302575376
GREEN_ROOF,36,32567.33694714136,1.8240773380974218,18.646454812796755,20.759938962825398
GREEN_ROOF,37,32356.657777439945,1.8149269297695376,19.17273356196574,21.157443443185254
GREEN_ROOF,38,32145.929013116955,1.8050322067543116,19.699136199013367,21.587281827390083
GREEN_ROOF,39,31935.03166542501,1.7943756759619947,20.225959959063665,22.050214035795513
GREEN_ROOF,40,31724.161335724788,1.782989633972393,20.752716227890655,22.5448370670585
GREEN_ROOF,41,31513.256692734703,1.7708636029270157,21.2795582116713,23.071606091652917
GREEN_ROOF,42,31302.363869145913,1.757998741835625,21.806370670465036,23.630470760834022
GREEN_ROOF,43,31091.725029139565,1.7444320008908831,22.33254867563781,24.219825914852976
GREEN_ROOF,44,30880.655666015224,1.7300684040081533,22.859802132020825,24.843797426328496
GREEN_ROOF,45,30669.655927274234,1.714976803028355,23.3868816659727,25.499394290458845
GREEN_ROOF,46,30457.470662582873,1.698961479342404,23.916922656034146,26.195118753396653
GREEN_ROOF,47,30246.003118713325,1.6823186327474804,24.445170772045,26.918103548213313
GREEN_ROOF,48,30034.53097790731,1.664934011662942,24.97343037125078,27.673311897703478
GREEN_ROOF,49,29823.026122007213,1.6468028727955883,25.501771693100615,28.46094985609242
GREEN_ROOF,50,29611.487675988657,1.6279243878994356,26.03019692341445,29.281053403358037
GREEN_ROOF,51,29399.91087194697,1.6082979979650052,26.558717972467562,30.13364682352836
GREEN_ROOF,52,29188.294577349043,1.5879227307172508,27.087337669339405,31.018772353372846
GREEN_ROOF,53,28976.64743216495,1.5668000319482205,27.61603443129519,31.936367185987578
GREEN_ROOF,54,28765.02360289792,1.5449340697918734,28.144672949848538,32.886250252739956
GREEN_ROOF,55,28553.420791023735,1.522328027953944,28.673258966736746,33.868283249715205
GREEN_ROOF,56,28341.731570079908,1.4989652308308192,29.202060834376375,34.883190584711464
GREEN_ROOF,57,28130.111887401163,1.4748715919913318,29.730688994709208,35.929846541876074
GREEN_ROOF,58,27919.46062354513,1.4501986875658524,30.25689803478725,37.00166647615506
GREEN_ROOF,59,27708.016820148398,1.4246471393083902,30.785086846850984,38.111655730024886
GREEN_ROOF,60,27496.57378122306,1.3983487227421325,31.313273749257263,39.254089820053586
GREEN_ROOF,61,27285.191337750235,1.4031060252667156,31.84130928359522,39.04742701330359
GREEN_ROOF,62,27074.063879186706,1.417180111082537,32.36870786298736,38.436032202461114
GREEN_ROOF,63,26861.689928399188,1.4311265979682246,32.899220192872335,37.830180438945035
GREEN_ROOF,64,26649.85876984482,1.4449938011479289,33.42837662213398,37.22777285269609
GREEN_ROOF,65,26437.938301284004,1.45879078825281,33.95775614871725,36.628415535171264
GREEN_ROOF,66,26226.059452856844,1.4725146519114487,34.48703170777535,36.03223478599828
GREEN_ROOF,67,26014.47144218662,1.486158229071028,35.01558075110269,35.439541776600926
GREEN_ROOF,68,25802.676120864737,1.4997337706755562,35.544647658586214,34.84980431158887
GREEN_ROOF,69,25590.437141448627,1.5132477290517565,36.07482282858672,34.262742094314206
GREEN_ROOF,70,25379.121421460357,1.5266682204625646,36.602691686968804,33.67974019174657
GREEN_ROOF,71,25167.653005095744,1.5400046738841138,37.13094198248137,33.10038899809309
GREEN_ROOF,72,24956.06291018314,1.5532751532250133,37.65949623226776,32.523903795956734
GREEN_ROOF,73,24744.69476006392,1.5664777008273492,38.18749606166028,31.950369628295572
GREEN_ROOF,74,24533.363557932054,1.579625528588032,38.71540359459752,31.379212554797007
GREEN_ROOF,75,24321.49107977188,1.5927237178308682,39.24466324066267,30.810211836789414
GREEN_ROOF,76,24109.05962265816,1.6056576215621334,39.77531922194644,30.24834787427597
GREEN_ROOF,77,23897.936532056974,1.6185049919436545,40.302706890123375,29.690243022065722
GREEN_ROOF,78,23686.661672991548,1.6312956757983446,40.83047367749676,29.13460069913111
GREEN_ROOF,79,23475.34028081247,1.6440209707060744,41.35835670507026,28.58179894881919
GREEN_ROOF,80,23263.944613116575,1.6566637677860547,41.88642527365448,28.032581000997315
GREEN_ROOF,81,23052.514691118085,1.6692373725990373,42.41457940984156,27.486368846485675
GREEN_ROOF,82,22841.393514623367,1.6817403315755743,42.94196229656071,26.943225630047575
GREEN_ROOF,83,22629.95760778525,1.6942044671916652,43.47013138293919,26.401768945965955
GREEN_ROOF,84,22418.42266364504,1.7065476802497388,43.99854786552463,25.86556527976791
GREEN_ROOF,85,22206.843931323976,1.7187735386466343,44.527073731439614,25.334459637826036
GREEN_ROOF,86,21995.358238759312,1.7537655336504878,45.05536718307894,23.814366294190748
GREEN_ROOF,87,21784.0078713125,1.7895224897098867,45.5833225911715,22.261042144236853
GREEN_ROOF,88,21572.544610763667,1.8177444068218158,46.11156000740283,21.03504893231094
GREEN_ROOF,89,21360.558609865715,1.8378887070654137,46.641103234443385,20.159956880282703
GREEN_ROOF,90,21148.737722157057,1.849088826948975,47.17023400702601,19.673410523579015
GREEN_ROOF,91,20936.903012346254,1.8503772674161607,47.69939930736303,19.617439157052928
GREEN_ROOF,92,20729.465124887367,1.840275369601036,48.21758129990099,20.056277457788962
GREEN_ROOF,93,20513.187140337137,1.8152566382527169,48.75784594658248,21.14312051959757
GREEN_ROOF,94,20301.30847912267,1.7765392923361394,49.28712103798133,22.825047480450557
GREEN_ROOF,95,20089.177873953897,1.7366321380291163,49.81702548798891,24.55866111462178
GREEN_ROOF,96,19877.475174678722,1.695634365860369,50.345861024639916,26.339652469093732
GREEN_ROOF,97,19665.785956276533,1.653509049686021,50.87466288593051,28.16962565890776
GREEN_ROOF,98,19453.837531210564,1.6102116495714072,51.404112248153375,30.050515551115677
GREEN_ROOF,99,19242.00991162074,1.5658019467436128,51.93325983704492,31.97972517902964
GREEN_ROOF,100,19030.025048526277,1.5201559372714215,52.46280022184055,33.96264141900252
PERMEABLE_PAVEMENT,0,40031.85954859179,2.3019635702219814,0.0,0.0
PERMEABLE_PAVEMENT,1,39730.47962270318,2.265032411157764,0.7528501780507901,1.6043329069997392
PERMEABLE_PAVEMENT,2,39429.11671183798,2.2283959285295603,1.5056578523967468,3.1958647236683624
PERMEABLE_PAVEMENT,3,39127.768046476514,2.1920542332560466,2.258429941326767,4.774590631568332
PERMEABLE_PAVEMENT,4,38826.44294741211,2.1560081339516795,3.0111431614025075,6.340475503538368
PERMEABLE_PAVEMENT,5,38525.138721062445,2.120257682628879,3.7638042412205364,7.8935170800978565
PERMEABLE_PAVEMENT,6,38223.85708129356,2.084803147444131,4.516408899525715,9.433703712214236
PERMEABLE_PAVEMENT,7,37922.60027130523,2.0496447695407243,5.26895153278174,10.961024924339945
PERMEABLE_PAVEMENT,8,37621.36685787345,2.0147825314947503,6.021435721197054,12.475481473390037
PERMEABLE_PAVEMENT,9,37320.14751964475,1.9802170853361136,6.773884749609216,13.977045034419955
PERMEABLE_PAVEMENT,10,37018.92330832324,1.9459483561495863,7.526345951057722,15.465718861835164
PERMEABLE_PAVEMENT,11,36717.77116700411,1.9119764731696411,8.278627120893411,16.941497341538437
PERMEABLE_PAVEMENT,12,36416.61378412813,1.878301534286429,9.030921384192435,18.4043762210667
PERMEABLE_PAVEMENT,13,36115.49406652817,1.8449233818868909,9.783121559241659,19.85436234731628
PERMEABLE_PAVEMENT,14,35814.42776459077,1.8118424879620998,10.535188301412235,21.291435216440835
PERMEABLE_PAVEMENT,15,35513.40977020705,1.779058614337242,11.287134370813124,22.715605175033893
PERMEABLE_PAVEMENT,16,35212.44718636513,1.7465716999845806,12.038942024106392,24.126874874212
PERMEABLE_PAVEMENT,17,34911.54581838117,1.7143816312554707,12.790596759552075,25.52524925100571
PERMEABLE_PAVEMENT,18,34610.44990799568,1.6824880229084034,13.54273746393282,26.910745040758457
PERMEABLE_PAVEMENT,19,34309.60279739612,1.6508910578971845,14.29425666387003,28.283354295742093
PERMEABLE_PAVEMENT,20,34007.260365750866,1.619590201545438,15.049511191275277,29.643100242926135
PERMEABLE_PAVEMENT,21,33706.17699119187,1.5885850422307182,15.80162058103155,30.990000763672864
PERMEABLE_PAVEMENT,22,33405.43416509948,1.5579358863376973,16.552879277189124,32.32143607783231
PERMEABLE_PAVEMENT,23,33104.57898837499,1.5275412340318644,17.304418626389996,33.64181545737661
PERMEABLE_PAVEMENT,24,32802.23285598317,1.4974414725335423,18.059682398298516,34.949384434040276
PERMEABLE_PAVEMENT,25,32500.993806127968,1.4676363443680385,18.812180666557964,36.24415419282624
PERMEABLE_PAVEMENT,26,32199.776216109694,1.438125362645221,19.564625327922357,37.52614588481343
PERMEABLE_PAVEMENT,27,31898.574761591393,1.4089076173649975,20.31702968264062,38.7953990414742
PERMEABLE_PAVEMENT,28,31597.386924154715,1.3799825433057737,21.069400021747875,40.05193821669818
PERMEABLE_PAVEMENT,29,31296.176811071044,1.3513484798838382,21.821826005652145,41.29583554819133
PERMEABLE_PAVEMENT,30,30994.944104007092,1.3262721874669554,22.574308429553312,42.38517913039514
PERMEABLE_PAVEMENT,31,30693.663953125302,1.3092524528267213,23.32690936860309,43.12453638436735
PERMEABLE_PAVEMENT,32,30393.661337421196,1.2919890440571393,24.076319011539994,43.87447912859233
PERMEABLE_PAVEMENT,33,30092.994235518923,1.274300218308055,24.827388547885953,44.64290248584722
PERMEABLE_PAVEMENT,34,29795.04246132149,1.2562563137602603,25.57167516748645,45.42675088298127
PERMEABLE_PAVEMENT,35,29495.96213736411,1.2378582571537875,26.318780916082385,46.22598406131948
PERMEABLE_PAVEMENT,36,29192.466474440043,1.2191069704088535,27.076916227172976,47.04056197156529
PERMEABLE_PAVEMENT,37,28888.878406119846,1.200002331029814,27.835282367900703,47.87048993507329
PERMEABLE_PAVEMENT,38,28585.230213610615,1.1805453826375834,28.59379869947569,48.71572261572577
PERMEABLE_PAVEMENT,39,28281.404952483084,1.1607164409604647,29.352757350294144,49.57711512139459
PERMEABLE_PAVEMENT,40,27977.599033295817,1.1405476515966673,30.11166768474538,50.45327100955457
PERMEABLE_PAVEMENT,41,27673.751873189984,1.1200285946085604,30.870681039438573,51.34464293452938
PERMEABLE_PAVEMENT,42,27369.90717899425,1.0991622687577707,31.629688234262787,52.25110062659345
PERMEABLE_PAVEMENT,43,27066.31226098862,1.0779507859265107,32.3880714855757,53.17255234310409
PERMEABLE_PAVEMENT,44,26762.28021665228,1.0563984653407121,33.14754668299263,54.10881045181605
PERMEABLE_PAVEMENT,45,26458.31360329717,1.0344777422423257,33.90685843314041,55.06107239818006
PERMEABLE_PAVEMENT,46,26153.154567134658,1.0120281712924941,34.66914886781808,56.036308116079226
PERMEABLE_PAVEMENT,47,25848.709025524295,0.989340870877034,35.429656985710565,57.02187108106014
PERMEABLE_PAVEMENT,48,25544.256147246906,0.9663034700295371,36.19018343067333,58.02264281982728
PERMEABLE_PAVEMENT,49,25239.76711718127,0.9429114051286384,36.95080018317777,59.03882158145047
PERMEABLE_PAVEMENT,50,24935.241583489875,0.9191640047571462,37.711508122117635,60.07043653308075
PERMEABLE_PAVEMENT,51,24630.675287585273,0.89506070125579,38.47231788548851,61.117512334503274
PERMEABLE_PAVEMENT,52,24326.066325972577,0.8706006497529069,39.23323422824034,62.18008568793494
PERMEABLE_PAVEMENT,53,24021.426302014675,0.845785002997163,39.99422816505239,63.25810651662038
PERMEABLE_PAVEMENT,54,23716.80735864552,0.820619503495037,40.7551694423353,64.35132535933644
PERMEABLE_PAVEMENT,55,23412.20889699497,0.7951049320716628,41.51605955607289,65.45970829612261
PERMEABLE_PAVEMENT,56,23107.52262844207,0.769226544405317,42.27716901236248,66.58389583762442
PERMEABLE_PAVEMENT,57,22802.907385513296,0.7430075541758715,43.03810104590697,67.72287955433534
PERMEABLE_PAVEMENT,58,22499.25902638432,0.7337510325867708,43.79661779369982,68.12499371933961
PERMEABLE_PAVEMENT,59,22194.82023247709,0.7348099028292395,44.55710905575996,68.07899515289111
PERMEABLE_PAVEMENT,60,21890.382536998095,0.7357139049572097,45.31759757393499,68.0397242391519
PERMEABLE_PAVEMENT,61,21586.004920778472,0.7364661917256454,46.077936013497514,68.00704401874495
PERMEABLE_PAVEMENT,62,21281.885626787287,0.7370698206824849,46.83762916145642,67.98082166819832
PERMEABLE_PAVEMENT,63,20976.522001860154,0.743448566588073,47.600430660988245,67.7037214573999
PERMEABLE_PAVEMENT,64,20671.701971728096,0.7551400858711278,48.361874255088736,67.1958281338784
PERMEABLE_PAVEMENT,65,20366.795644568214,0.764494555131027,49.12353342005902,66.78945900706388
PERMEABLE_PAVEMENT,66,20061.932089054226,0.7713531103064059,49.88508574101462,66.49151531828876
PERMEABLE_PAVEMENT,67,19757.364197583123,0.7755587785748224,50.64589949012714,66.30881615124629
PERMEABLE_PAVEMENT,68,19452.591989717777,0.7769455439120058,51.40722362370982,66.24857343693394
PERMEABLE_PAVEMENT,69,19147.379420581245,0.7752735663130528,52.169647784311344,66.32120610673729
PERMEABLE_PAVEMENT,70,18843.093699369652,0.7703176385126422,52.929756669191505,66.53649742865568
PERMEABLE_PAVEMENT,71,18538.65789343719,0.7616833377518861,53.690240467259706,66.91158159038824
PERMEABLE_PAVEMENT,72,18234.10596554225,0.7487944128104026,54.45101433919355,67.47149162146839
PERMEABLE_PAVEMENT,73,17929.780222224497,0.7302459932968972,55.21122319970965,68.27725674101444
PERMEABLE_PAVEMENT,74,17625.496846043683,0.7076858629408936,55.97132622667862,69.25729528931465
PERMEABLE_PAVEMENT,75,17320.677074141513,0.6842789139168728,56.732769175718175,70.27412063472026
PERMEABLE_PAVEMENT,76,17015.301447800393,0.6600160117862163,57.49560065490651,71.32812958796868
PERMEABLE_PAVEMENT,77,16710.829357317372,0.6352185427515762,58.25617509215804,72.40536075510869
PERMEABLE_PAVEMENT,78,16406.036136926272,0.60962579727115,59.017551715247784,73.51713966470969
PERMEABLE_PAVEMENT,79,16101.29863461571,0.5833064840174141,59.77878915399495,74.66048153137518
PERMEABLE_PAVEMENT,80,15796.58926252724,0.5562566874826046,60.539956323155806,75.83555644935927
PERMEABLE_PAVEMENT,81,15491.871796437488,0.5363281397805352,61.30114371121576,76.70127595768962
PERMEABLE_PAVEMENT,82,15187.490738397733,0.5383056534977957,62.061490748480644,76.61537044020702
PERMEABLE_PAVEMENT,83,14882.819471588698,0.5391772109402956,62.82256273025859,76.57750896169473
PERMEABLE_PAVEMENT,84,14578.07040110914,0.5378087976028482,63.58382906641179,76.63695444359327
PERMEABLE_PAVEMENT,85,14273.298004191825,0.5344759738860015,64.34515367224823,76.7817362185944
PERMEABLE_PAVEMENT,86,13968.635888148843,0.5293180550767603,65.10620279531776,77.0058022670742
PERMEABLE_PAVEMENT,87,13664.12726242007,0.5253840606964043,65.86686849799179,77.17669960147367
PERMEABLE_PAVEMENT,88,13359.520543502636,0.5310854505967368,66.62777923846761,76.92902453076077
PERMEABLE_PAVEMENT,89,13054.405241485683,0.5338717963339621,67.38996042479646,76.80798240076058
PERMEABLE_PAVEMENT,90,12749.467611741538,0.5335519389375543,68.1516977839466,76.82187738157371
PERMEABLE_PAVEMENT,91,12444.529045162944,0.5294975629764326,68.91343748331894,76.99800423316984
PERMEABLE_PAVEMENT,92,12143.999949769337,0.520259051285027,69.66416227797609,77.39933602707458
PERMEABLE_PAVEMENT,93,11834.64114736437,0.5025957307601653,70.43694377224932,78.16665140744607
PERMEABLE_PAVEMENT,94,11529.691173758472,0.4764812833491061,71.19871196649406,79.30109366139281
PERMEABLE_PAVEMENT,95,11224.496425515486,0.4617366470392846,71.96109161031883,79.94161797292219
PERMEABLE_PAVEMENT,96,10919.739291532293,0.4646125975997798,72.72237808918767,79.81668330420291
PERMEABLE_PAVEMENT,97,10615.003350595065,0.46742886409523626,73.48361162760806,79.69434138133813
PERMEABLE_PAVEMENT,98,10310.014005716226,0.47019935205739793,74.24547817170063,79.57398813170376
PERMEABLE_PAVEMENT,99,10005.154297229983,0.47291417849367656,75.00702088274103,79.45605288410047
PERMEABLE_PAVEMENT,100,9700.142307563958,0.4755680365275766,75.76894399374665,79.34076617547353
INFILTRATION_TRENCH,0,40031.85954859179,2.3019635702219814,0.0,0.0
INFILTRATION_TRENCH,1,39910.05404390172,2.265032411157764,0.30427141297850735,1.6043329069997392
INFILTRATION_TRENCH,2,39788.26361886059,2.2283959285295603,0.6085051568376798,3.1958647236683624
INFILTRATION_TRENCH,3,39666.48794362718,2.1920542332560466,0.9127020555243281,4.774590631568332
INFILTRATION_TRENCH,4,39544.731475347806,2.1560081339516795,1.2168509750407508,6.340475503538368
INFILTRATION_TRENCH,5,39422.99396023627,2.120257682628879,1.5209525493474985,7.8935170800978565
INFILTRATION_TRENCH,6,39301.27711754348,2.120883190043472,1.825002483738003,7.866344303661044
INFILTRATION_TRENCH,7,39179.5831959087,2.121451176186339,2.1289951610880653,7.841670318798122
INFILTRATION_TRENCH,8,39057.91320199235,2.1216308093373675,2.432928066749529,7.833866843827774
INFILTRATION_TRENCH,9,38936.25295120118,2.1214228789100273,2.7368366339833194,7.8428995857021455
INFILTRATION_TRENCH,10,38814.58593523706,2.1208272828297248,3.040762100689254,7.86877297866141
INFILTRATION_TRENCH,11,38692.98910284763,2.119844294669798,3.344512248098308,7.91147513835857
INFILTRATION_TRENCH,12,38571.38514817732,2.11847425117162,3.648280187038777,7.97099143635307
INFILTRATION_TRENCH,13,38449.99965102886,2.116717283221595,3.951502416825836,8.047316186785824
INFILTRATION_TRENCH,14,38328.67698367695,2.1145747115664317,4.254567697129996,8.140392014869269
INFILTRATION_TRENCH,15,38207.40555431481,2.11204659739148,4.557504984404748,8.250216262639952
INFILTRATION_TRENCH,16,38086.192327859135,2.1091336053699243,4.860296880215998,8.376760055914446
INFILTRATION_TRENCH,17,37965.041273682524,2.1058365015217566,5.162933469029851,8.519990117884968
INFILTRATION_TRENCH,18,37843.69982231846,2.102096123573644,5.466045671991038,8.68247652716171
INFILTRATION_TRENCH,19,37722.60506706945,2.0980131277942355,5.768541625500312,8.859846657263937
INFILTRATION_TRENCH,20,37600.01565678274,2.0935471094826807,6.074771242782784,9.053855735831773
INFILTRATION_TRENCH,21,37478.6850537267,2.08869861388078,6.377856346558108,9.264480076921288
INFILTRATION_TRENCH,22,37357.69711587418,2.083487026752263,6.680085469104025,9.49087754019715
INFILTRATION_TRENCH,23,37236.593993509065,2.07788383600722,6.982602323756049,9.734286724318286
INFILTRATION_TRENCH,24,37113.99904805599,2.071567893178923,7.288845767941443,10.008658695708238
INFILTRATION_TRENCH,25,36992.51025659379,2.065098032619275,7.592326027994655,10.289717034047808
INFILTRATION_TRENCH,26,36871.041540984144,2.058242877012572,7.895756138360143,10.587513041568563
INFILTRATION_TRENCH,27,36749.58996516155,2.051001994175589,8.199143433359957,10.902065492817158
INFILTRATION_TRENCH,28,36628.148083219225,2.0433741663454827,8.502506512946384,11.233427288841181
INFILTRATION_TRENCH,29,36506.68239155689,2.035353270872633,8.80592906946015,11.581864404728126
INFILTRATION_TRENCH,30,36385.192140779385,2.0269388176016667,9.1094129748981,11.947398133402853
INFILTRATION_TRENCH,31,36263.65243984181,2.0181279742073204,9.41302040734836,12.330151514399956
INFILTRATION_TRENCH,32,36143.39066783196,2.0090509545820385,9.713435560094075,12.724467903360303
INFILTRATION_TRENCH,33,36022.3028251265,1.999505621382964,10.015914245997937,13.139128383767208
INFILTRATION_TRENCH,34,35901.20981503118,1.9895699091731058,10.318405840095224,13.570747386708248
INFILTRATION_TRENCH,35,35780.12245279873,1.9792445098497267,10.620883325772523,14.019294855354058
INFILTRATION_TRENCH,36,35658.144964613675,1.968529527385337,10.925584355303751,14.484766273016692
INFILTRATION_TRENCH,37,35533.35109390733,1.957424588195028,11.237320737559154,14.967177868663184
INFILTRATION_TRENCH,38,35408.51384425747,1.945929495870956,11.549165480864998,15.46653817448086
INFILTRATION_TRENCH,39,35283.51567138151,1.9393375795556032,11.861412212057276,15.752898758141932
INFILTRATION_TRENCH,40,35158.552483218664,1.9459861404422494,12.173571551073636,15.464077467803051
INFILTRATION_TRENCH,41,35033.56332898693,1.952629737561006,12.485795753599183,15.175471809368757
INFILTRATION_TRENCH,42,34908.595771671804,1.959269288698643,12.797966006803218,14.887041913104305
INFILTRATION_TRENCH,43,34783.78458751949,1.9659074084196895,13.109745638226066,14.598674199257012
INFILTRATION_TRENCH,44,34658.76252296051,1.9725466248186407,13.422052051090116,14.310258844434042
INFILTRATION_TRENCH,45,34533.714083140374,1.979154345777066,13.734424349629858,14.02321168852323
INFILTRATION_TRENCH,46,34407.48939607487,1.9855765935257033,14.049734925977909,13.744221706591498
INFILTRATION_TRENCH,47,34281.99325242158,1.992106270121048,14.363225593332396,13.460564889437132
INFILTRATION_TRENCH,48,34156.50095690616,1.9986301881605468,14.676706647998595,13.177158230709264
INFILTRATION_TRENCH,49,34030.9857272622,2.005144777509247,14.99024499235555,12.894156821261593
INFILTRATION_TRENCH,50,33905.44679027736,2.0116498346560028,15.303842557895708,12.6115695018572
INFILTRATION_TRENCH,51,33779.879476708746,2.018145221899329,15.617511008436214,12.32940225441027
INFILTRATION_TRENCH,52,33654.28391758349,2.024630982528428,15.931250016669907,12.047653198387053
INFILTRATION_TRENCH,53,33528.666504581226,2.0311070355545855,16.245043616114828,11.766325852032356
INFILTRATION_TRENCH,54,33403.08231359483,2.037573023940962,16.558754226619843,11.485435725445637
INFILTRATION_TRENCH,55,33277.52941906348,2.0440273338333173,16.872386658255824,11.20505292634979
INFILTRATION_TRENCH,56,33151.90164589331,2.0504746237779488,17.186206137507543,10.92497508202448
INFILTRATION_TRENCH,57,33026.35268069193,2.056913866249402,17.499828753636535,10.645246829381783
INFILTRATION_TRENCH,58,32901.781729639246,2.0633307538585433,17.811008280287,10.366489698202585
INFILTRATION_TRENCH,59,32776.429208029745,2.069755822123529,18.12414017828775,10.087377189729384
INFILTRATION_TRENCH,60,32651.087545043414,2.076177586528448,18.437244951335295,9.808408204816232
INFILTRATION_TRENCH,61,32525.817732342402,2.0826090598018236,18.75017024162553,9.529017455259082
INFILTRATION_TRENCH,62,32400.81238154488,2.0890545741600457,19.062434903340254,9.249016744491945
INFILTRATION_TRENCH,63,32274.57126601867,2.095362285237327,19.377786518153396,8.975002370030193
INFILTRATION_TRENCH,64,32148.882479156655,2.1016597669651467,19.69175841023961,8.701432370518326
INFILTRATION_TRENCH,65,32023.115141143324,2.107959195776836,20.00592652391585,8.427777787397261
INFILTRATION_TRENCH,66,31897.400755004535,2.114255344792293,20.319962363260746,8.154265682475048
INFILTRATION_TRENCH,67,31771.986786644935,2.1205401516533895,20.633247755880014,7.881246294053945
INFILTRATION_TRENCH,68,31646.375710672735,2.126825354829021,20.947025525358175,7.608209689264179
INFILTRATION_TRENCH,69,31520.33115880112,2.133117574973625,21.26188612212515,7.334868259104299
INFILTRATION_TRENCH,70,31395.220058487736,2.139386972957397,21.574414947226373,7.062518250404237
INFILTRATION_TRENCH,71,31269.96755509237,2.145658403016039,21.88729699869173,6.790079965986163
INFILTRATION_TRENCH,72,31144.602466890607,2.1519156102575696,22.200460288170188,6.518259537441007
INFILTRATION_TRENCH,73,31019.469315352428,2.1582018707364146,22.513044197459454,6.245177002158364
INFILTRATION_TRENCH,74,30894.38414823868,2.164491383306596,22.82550824115923,5.9719531922100995
INFILTRATION_TRENCH,75,30768.76786781753,2.170664180095755,23.139299011404812,5.703799652814001
INFILTRATION_TRENCH,76,30642.60294686727,2.1768208013394004,23.45446029137761,5.436348798105151
INFILTRATION_TRENCH,77,30517.886683650144,2.182963170246317,23.766002809320707,5.169517081636044
INFILTRATION_TRENCH,78,30392.888859398947,2.1891175740279882,24.07824866964472,4.902162556078649
INFILTRATION_TRENCH,79,30267.850644200476,2.1952762682848794,24.390595426973572,4.6346216472406665
INFILTRATION_TRENCH,80,30142.743610607162,2.2014281628146337,24.70311409336592,4.367376126532396
INFILTRATION_TRENCH,81,30017.610965663604,2.2075952825695198,25.015696737176572,4.09946920416997
INFILTRATION_TRENCH,82,29892.793077338996,2.2137674436032997,25.32749311569129,3.8313432827339122
INFILTRATION_TRENCH,83,29767.666565805906,2.2198442256101045,25.640060438179045,3.5673607382048167
INFILTRATION_TRENCH,84,29642.44929909025,2.225918883660361,25.95285446805333,3.3034704608417176
INFILTRATION_TRENCH,85,29517.194602309326,2.2319838511448853,26.26574199861855,3.040001153030747
INFILTRATION_TRENCH,86,29392.041605248865,2.238051538686855,26.578375482228147,2.776413682731005
INFILTRATION_TRENCH,87,29267.03029779693,2.244127920709815,26.890655023727316,2.512448513969723
INFILTRATION_TRENCH,88,29141.913657560053,2.250218223887671,27.20319768761482,2.2478785938962798
INFILTRATION_TRENCH,89,29016.281324673186,2.2562345760807467,27.51702855708611,1.9865211914202874
INFILTRATION_TRENCH,90,28890.822504858166,2.262240763324876,27.830425989105812,1.7256053662601967
INFILTRATION_TRENCH,91,28765.35744981697,2.26824089344165,28.14383899678511,1.464952669823505
INFILTRATION_TRENCH,92,28644.295862327705,2.2742474256201004,28.446252096886838,1.204021860311555
INFILTRATION_TRENCH,93,28514.40184519414,2.280267964854102,28.770728697769933,0.9424825678621462
INFILTRATION_TRENCH,94,28388.913633821387,2.2862585693207214,29.084199550205437,0.6822436768513018
INFILTRATION_TRENCH,95,28263.183391353603,2.2921986534846908,29.39827499882447,0.42419944709850554
INFILTRATION_TRENCH,96,28137.886305314656,2.29814616005127,29.711268418195502,0.16583277946241592
INFILTRATION_TRENCH,97,28012.608952366994,2.304102050282335,30.024212544100017,-0.0928980844013827
INFILTRATION_TRENCH,98,27887.07974069484,2.31014801950697,30.33778581570831,-0.3555420854987501
INFILTRATION_TRENCH,99,27761.679181870604,2.3159773051943344,30.65103771116927,-0.6087730993502127
INFILTRATION_TRENCH,100,27636.129907016213,2.3401369551702267,30.964661100814705,-1.658296657777436
BIO_RETENTION_CELL,0,40031.85954859179,2.3019635702219814,0.0,0.0
BIO_RETENTION_CELL,1,39764.31277011521,2.265032411157764,0.6683346252047695,1.6043329069997392
BIO_RETENTION_CELL,2,39496.77749056855,2.2283959285295603,1.3366405259634284,3.1958647236683624
BIO_RETENTION_CELL,3,39229.25139369943,2.1920542332560466,2.004923488298449,4.774590631568332
BIO_RETENTION_CELL,4,38961.74289105635,2.1560081339516795,2.6731625000744885,6.340475503538368
BIO_RETENTION_CELL,5,38694.249742381515,2.120257682628879,3.3413631574787273,7.8935170800978565
BIO_RETENTION_CELL,6,38426.77366068082,2.084803147444131,4.009521181404708,9.433703712214236
BIO_RETENTION_CELL,7,38159.3168883063,2.0496447695407243,4.67763097043381,10.961024924339945
BIO_RETENTION_CELL,8,37891.878445172566,2.0147825314947503,5.345694972829462,12.475481473390037
BIO_RETENTION_CELL,9,37624.44810112264,1.9802170853361136,6.01373874362986,13.977045034419955
BIO_RETENTION_CELL,10,37357.00736105338,1.9459483561495863,6.68180848379426,15.465718861835164
BIO_RETENTION_CELL,11,37089.63316725737,1.9119764731696411,7.349711990678475,16.941497341538437
BIO_RETENTION_CELL,12,36822.24820738261,1.878301534286429,8.017642391338986,18.4043762210667
BIO_RETENTION_CELL,13,36555.07607415384,1.8449233818868909,8.685041148832306,19.85436234731628
BIO_RETENTION_CELL,14,36287.96509432355,1.8118424879620998,9.35228714450249,21.291435216440835
BIO_RETENTION_CELL,15,36020.901688951046,1.779058614337242,10.019414298684104,22.715605175033893
BIO_RETENTION_CELL,16,35753.89281629495,1.7465716999845806,10.686405229575014,24.126874874212
BIO_RETENTION_CELL,17,35486.94243903045,1.7143816312554707,11.353250038371554,25.52524925100571
BIO_RETENTION_CELL,18,35219.79600028906,1.6824880229084034,12.020584610769113,26.910745040758457
BIO_RETENTION_CELL,19,34952.89454790647,1.6508910578971845,12.687307204703613,28.283354295742093
BIO_RETENTION_CELL,20,34684.49474327815,1.619590201545438,13.357772698075298,29.643100242926135
BIO_RETENTION_CELL,21,34417.35004182519,1.5885850422307182,14.025102930708345,30.990000763672864
BIO_RETENTION_CELL,22,34150.54231386988,1.5646780817592967,14.69159140005225,32.02854719336793
BIO_RETENTION_CELL,23,33883.61766428937,1.551204571340129,15.358371940827563,32.61385230390312
BIO_RETENTION_CELL,24,33615.19746681534,1.5368744477684047,16.028888375739136,33.23636969545084
BIO_RETENTION_CELL,25,33347.87969154407,1.5218703178237876,16.696650948563907,33.88816671512175
BIO_RETENTION_CELL,26,33080.57825332334,1.506115032719499,17.364372711267105,34.57259479678637
BIO_RETENTION_CELL,27,32813.28822814751,1.4896078588390451,18.03206596406589,35.28968580960644
BIO_RETENTION_CELL,28,32546.006124804127,1.4723493121314135,18.699739428045113,36.03941734015223
BIO_RETENTION_CELL,29,32278.696451721436,1.4543357532594092,19.367481761518846,36.82194748550405
BIO_RETENTION_CELL,30,32011.358452375458,1.4355668108960622,20.035294854291806,37.63729237654145
BIO_RETENTION_CELL,31,31743.967230520353,1.4160397909206135,20.703240897444097,38.48556904903309
BIO_RETENTION_CELL,32,31477.848176219723,1.3958848461910673,21.368009052861936,39.36112351002756
BIO_RETENTION_CELL,33,31213.39384685261,1.3756698215956593,22.0286187081444,40.239287910928944
BIO_RETENTION_CELL,34,30952.152848232792,1.355697854589754,22.681201429920574,41.10689360479226
BIO_RETENTION_CELL,35,30689.893249270546,1.3346604554062687,23.336328625907832,42.02078292326904
BIO_RETENTION_CELL,36,30422.413893996123,1.3115379317921192,24.00449482725491,43.02525249495387
BIO_RETENTION_CELL,37,30152.112363057688,1.2876654907108798,24.679710852656722,44.062299361813594
BIO_RETENTION_CELL,38,29881.765603530148,1.2630446995006084,25.355039859542806,45.13185543684294
BIO_RETENTION_CELL,39,29611.25408268422,1.2376557381231579,26.030780441909652,46.234781725767746
BIO_RETENTION_CELL,40,29340.773748240626,1.2125553233493807,26.706443120320266,47.32517321147475
BIO_RETENTION_CELL,41,29070.263585906047,1.1907512121051451,27.382180309111682,48.27236940199191
BIO_RETENTION_CELL,42,28799.769195336477,1.1710058152714788,28.05787809987065,49.13013262157936
BIO_RETENTION_CELL,43,28529.53459114163,1.1819673404000195,28.73292694157341,48.65395110114446
BIO_RETENTION_CELL,44,28258.87463955273,1.1925694638265079,29.40903830547438,48.193382412584974
BIO_RETENTION_CELL,45,27988.289736767252,1.2028942619956051,30.08496219668666,47.74486105878694
BIO_RETENTION_CELL,46,27716.52471071817,1.2127536874607967,30.763834048040962,47.31655604159499
BIO_RETENTION_CELL,47,27445.482342664975,1.2224092182354844,31.4409006922327,46.89710844913129
BIO_RETENTION_CELL,48,27174.441956179006,1.231761148909026,32.11796238644895,46.49084960148845
BIO_RETENTION_CELL,49,26903.374730894637,1.2408084743524146,32.795091124261745,46.09782316265058
BIO_RETENTION_CELL,50,26632.279891126924,1.2495533798644278,33.472288843340095,45.71793420067323
BIO_RETENTION_CELL,51,26361.152763129186,1.2579982028432224,34.149567218751656,45.35108117623634
BIO_RETENTION_CELL,52,26089.99149616042,1.2661452457794773,34.82693087366662,44.997164066441705
BIO_RETENTION_CELL,53,25818.806429545664,1.273996992224417,35.50435398034389,44.65607498290844
BIO_RETENTION_CELL,54,25547.65065714325,1.2815551260891687,36.181703909775166,44.327740774560276
BIO_RETENTION_CELL,55,25276.522247935714,1.2888193137567356,36.858985485662075,44.0121759341112
BIO_RETENTION_CELL,56,25005.313044866456,1.2957960525104204,37.53646888545282,43.70909821194672
BIO_RETENTION_CELL,57,24734.180682683887,1.3024859100812014,38.213760335912326,43.41848294516664
BIO_RETENTION_CELL,58,24464.022385905424,1.308874764105804,38.8886185608982,43.14094362581127
BIO_RETENTION_CELL,59,24193.07856497444,1.3150000617056647,39.56543903335741,42.87485350696243
BIO_RETENTION_CELL,60,23922.141644380557,1.3208506737771941,40.24224226870302,42.62069604994563
BIO_RETENTION_CELL,61,23651.270634414286,1.326431203233728,40.91888085861785,42.37827129880173
BIO_RETENTION_CELL,62,23380.66209576153,1.3317431414397933,41.59486379247153,42.14751446690481
BIO_RETENTION_CELL,63,23108.813820240233,1.3471188082523078,42.27394360187014,41.47957744950745
BIO_RETENTION_CELL,64,22837.513895154574,1.3666309069225233,42.951653626198,40.63194897603278
BIO_RETENTION_CELL,65,22566.13143668464,1.3816337648483532,43.62956981977507,39.98020721435134
BIO_RETENTION_CELL,66,22294.795954026893,1.3917331106340876,44.3073686672865,39.54147977676811
BIO_RETENTION_CELL,67,22023.758975841498,1.3954112005807784,44.98442184753261,39.381699231399345
BIO_RETENTION_CELL,68,21752.52087803652,1.3910453076174647,45.66197742667262,39.57135874729224
BIO_RETENTION_CELL,69,21480.845302017915,1.3817107871796,46.340625830923834,39.97686127385761
BIO_RETENTION_CELL,70,21210.09915524378,1.3668097406797906,47.01695251129075,40.62418022766593
BIO_RETENTION_CELL,71,20939.205668752475,1.3445208233213473,47.69364724779802,41.59243696494757
BIO_RETENTION_CELL,72,20668.198309743897,1.3162864120562,48.370626439033494,42.818972937557454
BIO_RETENTION_CELL,73,20397.4182198526,1.2869460517660323,49.04703790965882,44.09355263420045
BIO_RETENTION_CELL,74,20126.682119814766,1.2564647213727087,49.723339493174336,45.41769741162558
BIO_RETENTION_CELL,75,19855.41093214802,1.2247033572633583,50.40097773113196,46.79744835643691
BIO_RETENTION_CELL,76,19583.585193582236,1.1916512423853638,51.080001242982156,48.23327102998197
BIO_RETENTION_CELL,77,19313.206110576855,1.1576557422711966,51.75541099425085,49.710075465722404
BIO_RETENTION_CELL,78,19042.541496526643,1.1224306465709477,52.43153400502849,51.24029497726976
BIO_RETENTION_CELL,79,18771.832532448963,1.086054694722233,53.10776780263433,52.82050903101376
BIO_RETENTION_CELL,80,18501.05080007255,1.0485207534156962,53.784183376204496,54.45102750628734
BIO_RETENTION_CELL,81,18230.23777400262,1.0098434165420695,54.46067712174537,56.131216427343844
BIO_RETENTION_CELL,82,17959.737305544593,0.9701060055818169,55.13639009513269,57.85745621125237
BIO_RETENTION_CELL,83,17688.92429266133,0.9291511181737597,55.81288380773315,59.636584601373144
BIO_RETENTION_CELL,84,17418.016614047516,0.8870180307614136,56.489613996309515,61.466895382889255
BIO_RETENTION_CELL,85,17147.067606034278,0.8437422393914563,57.166447426153944,63.346846565860595
BIO_RETENTION_CELL,86,16876.214436140315,0.7993059059046967,57.84304145138326,65.27721306086445
BIO_RETENTION_CELL,87,16605.50108371032,0.753762185068424,58.51928621113866,67.25568576240597
BIO_RETENTION_CELL,88,16334.678557913845,0.7070564940793779,59.195803687094894,69.28463581153912
BIO_RETENTION_CELL,89,16063.337143151153,0.6590893401800607,59.87361735306593,71.36838529045428
BIO_RETENTION_CELL,90,15792.162793563954,0.6100230382842777,60.551013688497314,73.49988304873771
BIO_RETENTION_CELL,91,15520.98040237117,0.5981530422405312,61.228430111942785,74.01552961227573
BIO_RETENTION_CELL,92,15254.197718780197,0.6002081905142869,61.89485602020505,73.92625155851584
BIO_RETENTION_CELL,93,14978.578871378084,0.6021768623174045,62.58335475723613,73.84073014416401
BIO_RETENTION_CELL,94,14707.36212290294,0.6040675571429136,63.26085700552898,73.75859614126463
BIO_RETENTION_CELL,95,14435.89768806846,0.6039491012636251,63.9389779769142,73.76374200372835
BIO_RETENTION_CELL,96,14164.8647404262,0.6037990384968247,64.61602108882178,73.77026090649213
BIO_RETENTION_CELL,97,13893.848011585003,0.6042570260989046,65.29302368599625,73.75036538737947
BIO_RETENTION_CELL,98,13622.577183927184,0.6054917560393475,65.97066102464784,73.69672726919137
BIO_RETENTION_CELL,99,13351.429900163832,0.6076668993637516,66.64798974937077,73.60223648955689
BIO_RETENTION_CELL,100,13080.128458711664,0.6109619440662013,67.32570356159788,73.4590958792938
RAIN_BARREL,0,40031.85954859179,2.3019635702219814,0.0,0.0
RAIN_BARREL,1,39961.527146175475,2.3025601367126334,0.17569107008617024,-0.025915548724109172
RAIN_BARREL,2,39891.20255438789,2.303152804526534,0.35136262914083893,-0.05166173435307009
RAIN_BARREL,3,39820.886185850104,2.3037418306902913,0.527013646432295,-0.07724972242451056
RAIN_BARREL,4,39750.58115951093,2.3043274283271837,0.7026363307940597,-0.10268877126384801
RAIN_BARREL,5,39680.28796161683,2.3049098144797657,0.8782294675774738,-0.12798830945444095
RAIN_BARREL,6,39610.00835706281,2.305489177725754,1.0537886480564862,-0.15315652903371557
RAIN_BARREL,7,39539.7446462285,2.3060656854852586,1.2293081258589744,-0.17820070292779988
RAIN_BARREL,8,39469.49857794774,2.306639490686481,1.4047835323798497,-0.20312747451727287
RAIN_BARREL,9,39399.25462979873,2.3072106990520833,1.580253642789664,-0.22794143651874155
RAIN_BARREL,10,39328.9970357761,2.3077794135500853,1.7557578407331742,-0.2526470619838239
RAIN_BARREL,11,39258.802793570496,2.30834570032754,1.931103785181243,-0.2772472244181978
RAIN_BARREL,12,39188.594646297395,2.308909592704507,2.106484464632019,-0.3017433712843687
RAIN_BARREL,13,39118.41868297053,2.3094710939543965,2.2817847482515807,-0.32613564478307655
RAIN_BARREL,14,39048.284453882836,2.310030140840651,2.4569807793092036,-0.3504212978440613
RAIN_BARREL,15,38978.19003330467,2.310586641871352,2.6320773682974807,-0.3745963559509846
RAIN_BARREL,16,38908.142579181505,2.3111404376882763,2.8070566345944736,-0.39865389639550664
RAIN_BARREL,17,38838.147951848165,2.311691297648944,2.981903939023034,-0.422583899797524
RAIN_BARREL,18,38767.95357543455,2.3122389139224793,3.157250218724106,-0.44637299362244587
RAIN_BARREL,19,38697.99659285922,2.312782855890192,3.3320034861570424,-0.47000247128876627
RAIN_BARREL,20,38626.536065599066,2.31332259576919,3.5105126237938156,-0.49344940528808223
RAIN_BARREL,21,38556.326427012165,2.313857456399735,3.685897028561913,-0.516684379006338
RAIN_BARREL,22,38486.45235068728,2.314464837598892,3.860443195322094,-0.5430697313643984
RAIN_BARREL,23,38416.454738888504,2.31501520373967,4.035297954976247,-0.5669782826506653
RAIN_BARREL,24,38344.95816890528,2.3155597264481558,4.213897127708755,-0.5906329883779815
RAIN_BARREL,25,38274.56073429524,2.3160978315592837,4.389750648888768,-0.614008906141783
RAIN_BARREL,26,38204.17686773087,2.316628603672278,4.565570276950104,-0.6370662698577112
RAIN_BARREL,27,38133.80442694966,2.3171507697071987,4.7413613632867,-0.6597497754385673
RAIN_BARREL,28,38063.43469548393,2.317662633507247,4.917145681725166,-0.6819857398417284
RAIN_BARREL,29,37993.03496157893,2.3181617061366318,5.093004946567814,-0.7036660407744089
RAIN_BARREL,30,37922.60496313023,2.3186457436002437,5.2689398125542635,-0.7246931964546066
RAIN_BARREL,31,37852.11990560711,2.3191116267241223,5.44501221667919,-0.7449317063035643
RAIN_BARREL,32,37782.907949729735,2.319927501789048,5.61790439969998,-0.7803742769627808
RAIN_BARREL,33,37712.86381281919,2.3205064762083456,5.792875379565466,-0.8055256054541271
RAIN_BARREL,34,37642.80967516502,2.3210771013864515,5.967871341392151,-0.8303142331060887
RAIN_BARREL,35,37572.75577690326,2.3216415323515087,6.142866705214145,-0.8548337768711889
RAIN_BARREL,36,37502.706499307686,2.322201284325109,6.317850526564095,-0.8791500597542523
RAIN_BARREL,37,37432.66821234714,2.3227574110087352,6.492806893193858,-0.9033088557847346
RAIN_BARREL,38,37362.6421163879,2.3233105916764263,6.667732806576021,-0.9273396734243766
RAIN_BARREL,39,37292.52088595155,2.3238612560351672,6.84289636686789,-0.9512611796490766
RAIN_BARREL,40,37222.49737418978,2.324409231214635,7.017815824897989,-0.9750658647690535
RAIN_BARREL,41,37152.507644930134,2.324951805987709,7.192650893887698,-0.9986359498951991
RAIN_BARREL,42,37082.58422560537,2.3254951861419726,7.367320319972903,-1.0222410217257227
RAIN_BARREL,43,37012.97593612042,2.3260361555400353,7.541202548452608,-1.0457413674766602
RAIN_BARREL,44,36942.98476429978,2.3265799831365395,7.716041220974635,-1.069365876723416
RAIN_BARREL,45,36873.121794860046,2.327129801171869,7.890559642620598,-1.093250617665542
RAIN_BARREL,46,36802.10318241728,2.3276764885758037,8.067964872463996,-1.1169993603045159
RAIN_BARREL,47,36731.858579143714,2.328219698165407,8.243436619381727,-1.1405970226059603
RAIN_BARREL,48,36661.646475245616,2.327060479361712,8.418827182522747,-1.090239196848386
RAIN_BARREL,49,36591.43873558536,2.320228119113688,8.594206843752417,-0.7934334464704484
RAIN_BARREL,50,36521.23257458533,2.313091665406544,8.769582561472477,-0.48341751922205134
RAIN_BARREL,51,36451.02139901353,2.3056506908918943,8.94497080564478,-0.16017285058760322
RAIN_BARREL,52,36380.80427521124,2.297904779308029,9.12037390855851,0.17631864233024208
RAIN_BARREL,53,36310.58420570043,2.2898548595519435,9.295784369882632,0.5260166071555328
RAIN_BARREL,54,36240.40216350952,2.2815120313887505,9.471099838567564,0.8884388570605695
RAIN_BARREL,55,36170.26772046036,2.2728799066625256,9.646296404103138,1.2634284892984349
RAIN_BARREL,56,36100.07384954107,2.263927935996295,9.821641421074156,1.65231260466987
RAIN_BARREL,57,36029.97104983107,2.2546938848507367,9.996758941220607,2.0534506272263164
RAIN_BARREL,58,35960.83166483064,2.245415270092631,10.169469841438715,2.4565245454295948
RAIN_BARREL,59,35890.9338117857,2.235617892647131,10.344075402691999,2.8821341238016496
RAIN_BARREL,60,35821.04237586195,2.225511277331584,10.518664933910028,3.3211773582943804
RAIN_BARREL,61,35751.21778935993,2.215090180444154,10.693087474579832,3.7738820414716767
RAIN_BARREL,62,35681.66266879518,2.2043978892579283,10.866836886545883,4.23836772337125
RAIN_BARREL,63,35610.875655446915,2.193318729056568,11.043663579451168,4.719659449473235
RAIN_BARREL,64,35540.6182926535,2.1820530745740028,11.21916719978171,5.209052706095408
RAIN_BARREL,65,35470.2841720282,2.1704431479375326,11.394862561971731,5.713401549259367
RAIN_BARREL,66,35399.991525207704,2.1585278705101527,11.570454322167556,6.231015189262834
RAIN_BARREL,67,35329.99781562751,2.1463867574536604,11.745299334039249,6.758439394126404
RAIN_BARREL,68,35259.792309146724,2.14649707081014,11.92067341676346,6.753647252412842
RAIN_BARREL,69,35189.13753142811,2.147038673140378,12.097169783695527,6.730119411345159
RAIN_BARREL,70,35119.39929569101,2.147590601722373,12.271376619259723,6.706142985778096
RAIN_BARREL,71,35049.5025156856,2.1481598925241903,12.44597950004912,6.681412324998681
RAIN_BARREL,72,34979.48579751766,2.1487190754266288,12.620881987611444,6.657120763234969
RAIN_BARREL,73,34909.668514756755,2.149323464309483,12.79528628346024,6.630865400610098
RAIN_BARREL,74,34839.890332770105,2.1499352792055233,12.969592905169769,6.604287443254275
RAIN_BARREL,75,34769.558820213744,2.1504131733939578,13.145281752376548,6.583527158660008
RAIN_BARREL,76,34698.64405122135,2.150913079719542,13.322427580204788,6.561810640985655
RAIN_BARREL,77,34628.622379569,2.151430059524477,13.497342441622495,6.53935243132403
RAIN_BARREL,78,34558.25891486971,2.1519558070813685,13.673111105613444,6.516513340224039
RAIN_BARREL,79,34487.91020925009,2.1524981182592144,13.84884290127042,6.492954705984067
RAIN_BARREL,80,34417.53235485107,2.153047145028289,14.024647510880406,6.469104338577014
RAIN_BARREL,81,34347.18491009165,2.1536215919223523,14.200376156895544,6.444149691097167
RAIN_BARREL,82,34277.19211740936,2.1542177809210012,14.375218878346773,6.418250541068849
RAIN_BARREL,83,34206.91630230399,2.1547167785586314,14.5507685927438,6.396573497866031
RAIN_BARREL,84,34136.592852686765,2.155236021852599,14.726437298645056,6.374016959583473
RAIN_BARREL,85,34066.24970118146,2.1557692040357646,14.902155220066915,6.350854899589875
RAIN_BARREL,86,33996.03457658403,2.156316207217814,15.07755332894617,6.3270924391788945
RAIN_BARREL,87,33925.982887315324,2.156882751703029,15.25254317468061,6.30248108161685
RAIN_BARREL,88,33855.845030022545,2.1574737097822396,15.427748269032138,6.276809168870057
RAIN_BARREL,89,33785.20917789925,2.1579935899258946,15.604197359630978,6.254224965089417
RAIN_BARREL,90,33714.75057732681,2.1585300949643824,15.780203674018923,6.230918556359577
RAIN_BARREL,91,33644.30932960371,2.159085506496991,15.95616664080941,6.206790827328879
RAIN_BARREL,92,33578.27122365244,2.159610786069389,16.12113051382439,6.183972066024712
RAIN_BARREL,93,33503.409495860215,2.160178050663798,16.308135885636688,6.159329426073867
RAIN_BARREL,94,33432.94838272635,2.1607266054491134,16.484148476429127,6.1354995621954345
RAIN_BARREL,95,33362.26343587575,2.1612415755460437,16.660720206165536,6.113128656608923
RAIN_BARREL,96,33292.00275925728,2.1617852766568904,16.8362321044654,6.089509642047608
RAIN_BARREL,97,33221.752133383496,2.1623458492996437,17.011718895900895,6.065157708333069
RAIN_BARREL,98,33151.26343326387,2.162988829840669,17.187800399269637,6.037225878770569
RAIN_BARREL,99,33080.891345471005,2.16346181278025,17.363590603837686,6.016678944592313
RAIN_BARREL,100,33010.37044658359,2.1640106166963053,17.539752540062047,5.992838258182043
VEGETATIVE_SWALE,0,40031.85954859179,2.3019635702219814,0.0,0.0
VEGETATIVE_SWALE,1,40383.90644598028,2.275623443280404,-0.8794167979160994,1.144246037700658
VEGETATIVE_SWALE,2,40372.740120714254,2.2565938496179196,-0.8515232016856222,1.9709139271776865
VEGETATIVE_SWALE,3,40331.63196640709,2.2436272994985935,-0.7488346062251461,2.5341960871154146
VEGETATIVE_SWALE,4,40226.188668980685,2.304853502158127,-0.4854361565517884,-0.125542036091697
VEGETATIVE_SWALE,5,40203.49465323405,2.2144247736833305,-0.42874627004003685,3.8027880923506285
VEGETATIVE_SWALE,6,40256.84381107965,2.218214055530141,-0.5620130191922978,3.638177240301166
VEGETATIVE_SWALE,7,40207.94117844694,2.235823854510761,-0.4398537361009147,2.873186898645941
VEGETATIVE_SWALE,8,40227.65538527359,2.2532844463602766,-0.4891000290509595,2.1146782899353456
VEGETATIVE_SWALE,9,40167.970810095394,2.270596096363065,-0.34000734174834957,1.3626398899045822
VEGETATIVE_SWALE,10,40284.38705761131,2.2874706202091732,-0.6308163344572959,0.6295907633069309
VEGETATIVE_SWALE,11,40184.37359357846,2.3038507632323544,-0.38098166487006146,-0.08198187993875283
VEGETATIVE_SWALE,12,40171.09135781931,2.3199687834181173,-0.3478025023007314,-0.7821675993942678
VEGETATIVE_SWALE,13,40213.42856001764,2.3358471711712903,-0.4535612721298987,-1.4719434046491564
VEGETATIVE_SWALE,14,40141.03401005142,2.3515196524074278,-0.27271893609417397,-2.1527743890694007
VEGETATIVE_SWALE,15,40098.01562990591,2.367007230456976,-0.1652585766939385,-2.825572961987488
VEGETATIVE_SWALE,16,40094.29614016683,2.3823225828338144,-0.1559672527808864,-3.490889849489842
VEGETATIVE_SWALE,17,40046.04635585849,2.3974826976503807,-0.035438791569197825,-4.149463035124756
VEGETATIVE_SWALE,18,40052.08263125011,2.4124174038666073,-0.0505174700510036,-4.798244206530811
VEGETATIVE_SWALE,19,40030.55514734925,2.4272574774056426,0.003258407821282727,-5.442914423340728
VEGETATIVE_SWALE,20,40048.83848657076,2.4419558135041872,-0.04241356302312482,-6.081427399335704
VEGETATIVE_SWALE,21,40037.7456088171,2.4565192401729044,-0.014703439439700539,-6.7140797513150385
VEGETATIVE_SWALE,22,40023.37142691302,2.4709590596965034,0.021203415915427293,-7.341362463795442
VEGETATIVE_SWALE,23,39988.1173222602,2.484764498955137,0.10926853467422282,-7.941086952802112
VEGETATIVE_SWALE,24,39958.43750421185,2.4951439176425305,0.18340902772907564,-8.391981086039536
VEGETATIVE_SWALE,25,39954.23931703976,2.507588658912026,0.19389614279049505,-8.932595256936061
VEGETATIVE_SWALE,26,39926.552431798766,2.5178695571720735,0.2630582690399397,-9.379209547146395
VEGETATIVE_SWALE,27,39922.24755912356,2.540327574334045,0.27381188559371106,-10.354812178416806
VEGETATIVE_SWALE,28,39939.89657178917,2.553834514306369,0.22972446905943356,-10.94156950798746
VEGETATIVE_SWALE,29,39932.46223721904,2.5569223053344055,0.2482955138571441,-11.075706775317817
VEGETATIVE_SWALE,30,39929.22711621835,2.567511258510441,0.25637687964222833,-11.535703332735746
VEGETATIVE_SWALE,31,39921.23691224273,2.579150123096952,0.2763364919752931,-12.041309274422662
VEGETATIVE_SWALE,32,39925.73860743194,2.592742914707118,0.2650912107418857,-12.631796099931169
VEGETATIVE_SWALE,33,39891.67195473313,2.3946934019868884,0.3501900622140619,-4.0282927568642934
VEGETATIVE_SWALE,34,39911.07400672913,2.39974502126995,0.30172353526581874,-4.247741029131036
VEGETATIVE_SWALE,35,39883.23888087196,2.404275596718288,0.3712559681106731,-4.444554545510915
VEGETATIVE_SWALE,36,39901.157915393465,2.409518793695253,0.3264940341821343,-4.672325177713388
VEGETATIVE_SWALE,37,39904.19569173817,2.411241292719641,0.31890563739278566,-4.747152557549894
VEGETATIVE_SWALE,38,39901.077849718145,2.681397022307746,0.3266940390687978,-16.48303461419136
VEGETATIVE_SWALE,39,39887.2008076437,2.4162545790489514,0.36135903397768177,-4.964935601302711
VEGETATIVE_SWALE,40,39858.74676768832,2.418673527386865,0.43243752065362795,-5.070017556951556
VEGETATIVE_SWALE,41,39840.10250770236,2.7169772790779922,0.4790110753078336,-18.02868273957918
VEGETATIVE_SWALE,42,39835.45100367312,2.728569169607859,0.4906305805761124,-18.532248073097858
VEGETATIVE_SWALE,43,39829.91356101933,2.435102915831033,0.5044631697094348,-5.783729479099131
VEGETATIVE_SWALE,44,39864.08706578366,2.4377614978157207,0.41909740067029855,-5.89922140169421
VEGETATIVE_SWALE,45,39859.60291359788,2.439618954604174,0.4302988592993495,-5.979911505242397
VEGETATIVE_SWALE,46,39864.01464818508,2.4414491446857856,0.41927830058199334,-6.059417111034193
VEGETATIVE_SWALE,47,39856.19472779311,2.4431541603204403,0.43881254275848214,-6.133484991895144
VEGETATIVE_SWALE,48,39851.160059455455,2.4335349766368837,0.4513891964398997,-5.715616359741715
VEGETATIVE_SWALE,49,39846.18825009022,2.4354268375151835,0.4638088277567953,-5.797801017343307
VEGETATIVE_SWALE,50,39841.13280302212,2.437295471851571,0.4764373869221905,-5.878976686696191
VEGETATIVE_SWALE,51,39786.816076372554,2.826316588008221,0.6121211329735865,-22.778510684062468
VEGETATIVE_SWALE,52,39780.81919959756,2.4534670491884607,0.6271013933027869,-6.581488991672857
VEGETATIVE_SWALE,53,39775.966813848216,2.4551145685894236,0.6392227031896014,-6.653059168641562
VEGETATIVE_SWALE,54,39829.66863612521,2.4567416705741674,0.5050749946331035,-6.723742389079623
VEGETATIVE_SWALE,55,39817.019539893394,2.4583503457373963,0.5366725681019591,-6.793625126757941
VEGETATIVE_SWALE,56,39811.84501959709,2.459910291164639,0.5495985734253583,-6.86139098749623
VEGETATIVE_SWALE,57,39806.22714280015,2.450747876390677,0.5636320878818157,-6.463364933023175
VEGETATIVE_SWALE,58,39788.367566704736,2.4528968218365996,0.6082454940458004,-6.5567176460600285
VEGETATIVE_SWALE,59,39783.37949763561,2.4547821722504413,0.6207057422715323,-6.638619481442243
VEGETATIVE_SWALE,60,39778.569362148424,2.456562358635715,0.632721510565637,-6.715952867960695
VEGETATIVE_SWALE,61,39778.365858049234,2.458259455541282,0.6332298659143198,-6.789676749933493
VEGETATIVE_SWALE,62,39773.48103684088,2.4712357893168,0.6454321999138757,-7.3533839233822285
VEGETATIVE_SWALE,63,39767.31017627533,2.472592585392463,0.6608470735548599,-7.412324737790166
VEGETATIVE_SWALE,64,39761.69204974639,2.474034391969335,0.6748812118444469,-7.474958508173102
VEGETATIVE_SWALE,65,39756.005234879194,2.4754000515137036,0.6890869343147976,-7.534284362067356
VEGETATIVE_SWALE,66,39750.30967696447,2.4667631259970517,0.7033144970084892,-7.15908617785721
VEGETATIVE_SWALE,67,39740.274088433864,2.4681119809334437,0.7283835011561046,-7.217682019852312
VEGETATIVE_SWALE,68,39735.08215842056,2.4693603444384267,0.7413529961329712,-7.2719123960898635
VEGETATIVE_SWALE,69,39729.437709085236,2.4703335605507233,0.7554528890656886,-7.314190046565572
VEGETATIVE_SWALE,70,39724.718117784854,2.471618954050244,0.7672424770428621,-7.370029049239157
VEGETATIVE_SWALE,71,39719.894467326776,2.4728276359933687,0.7792920058743324,-7.422535611843362
VEGETATIVE_SWALE,72,39714.90457493505,2.4739781908894276,0.7917568087787985,-7.472517067281759
VEGETATIVE_SWALE,73,39710.08072087362,2.4750962762972897,0.8038068462135395,-7.521088010033661
VEGETATIVE_SWALE,74,39705.32854707348,2.4753439442626832,0.8156778256127706,-7.53184699721301
VEGETATIVE_SWALE,75,39700.051708403684,2.47638681310266,0.8288594232934599,-7.577150443951597
VEGETATIVE_SWALE,76,39695.09022140375,2.477328141497353,0.8412532692348762,-7.618042854538354
VEGETATIVE_SWALE,77,39689.936843927455,2.491502510551504,0.8541264595747777,-8.233794086986567
VEGETATIVE_SWALE,78,39684.394083352614,2.4925128691160174,0.8679723329300115,-8.2776852491919
VEGETATIVE_SWALE,79,39678.89146676682,2.4934782790503958,0.8817179261845887,-8.319623790134356
VEGETATIVE_SWALE,80,39673.35546236629,2.4944192504069242,0.8955469225463641,-8.360500690564109
VEGETATIVE_SWALE,81,39669.938543024975,2.495321256213865,0.9040824224702981,-8.399684881774117
VEGETATIVE_SWALE,82,39687.380261124476,2.496168198574076,0.8605128299103315,-8.436477052213597
VEGETATIVE_SWALE,83,39682.14366863856,2.4969893242247916,0.8735938922066255,-8.472147714483746
VEGETATIVE_SWALE,84,39676.86250426158,2.497816597782613,0.8867862955486805,-8.508085449056235
VEGETATIVE_SWALE,85,39671.49153804209,2.4875316148664752,0.9002030248239423,-8.061293716589923
VEGETATIVE_SWALE,86,39666.376594473804,2.4884722582174605,0.9129802068633674,-8.102156368073787
VEGETATIVE_SWALE,87,39661.399067101505,2.489375484268896,0.9254141218211664,-8.141393568137234
VEGETATIVE_SWALE,88,39656.407710882726,2.49023425728654,0.937882581380789,-8.17869967622482
VEGETATIVE_SWALE,89,39650.944549284985,2.491003062628797,0.9515296156663466,-8.212097482871371
VEGETATIVE_SWALE,90,39645.70050881929,2.49182810903663,0.9646292830933101,-8.24793846743368
VEGETATIVE_SWALE,91,39640.48781321213,2.4926324348194844,0.9776506507388261,-8.282879323720849
VEGETATIVE_SWALE,92,39639.7249021215,2.493398124571528,0.9795564105492094,-8.316141785470844
VEGETATIVE_SWALE,93,39630.17120572032,2.4941230957369664,1.0034216431637155,-8.347635384014996
VEGETATIVE_SWALE,94,39625.06676373609,2.4947608780427206,1.0161725921373321,-8.375341396134584
VEGETATIVE_SWALE,95,39619.761409230174,2.4953868578693705,1.0294254226721589,-8.402534694705754
VEGETATIVE_SWALE,96,39614.93245890307,2.496145453909262,1.0414881906313678,-8.435488997271822
VEGETATIVE_SWALE,97,39610.16885629236,2.496797205674656,1.0533877193178331,-8.463801859118325
VEGETATIVE_SWALE,98,39605.19313062616,2.4973617924820357,1.065817133595126,-8.488328172856875
VEGETATIVE_SWALE,99,39600.441769260666,2.4979487914076244,1.0776860835241986,-8.513828095322285
VEGETATIVE_SWALE,100,39595.54316360043,2.4985183448953445,1.0899228512274095,-8.538570167485716
ROOFTOP_DISCONNECTION,0,40031.85954859179,2.3019635702219814,0.0,0.0
ROOFTOP_DISCONNECTION,1,39997.57552360541,2.274415331060858,0.08564184969914734,1.1967278508437373
ROOFTOP_DISCONNECTION,2,39963.308513642405,2.247086932403636,0.17124119569358331,2.3839055721048386
ROOFTOP_DISCONNECTION,3,39929.05937244374,2.2199785465451245,0.256795905329521,3.5615256790945238
ROOFTOP_DISCONNECTION,4,39894.830174281575,2.193090855853113,0.3423007970536185,4.729558528954891
ROOFTOP_DISCONNECTION,5,39860.62184883412,2.166423974228948,0.4277535485200712,5.887999173677761
ROOFTOP_DISCONNECTION,6,39826.43610996742,2.139978168833986,0.5131498784737176,7.036836007460135
ROOFTOP_DISCONNECTION,7,39792.2752008813,2.1340101305404082,0.5984841833781895,7.296094597421332
ROOFTOP_DISCONNECTION,8,39758.141311612315,2.1374459501052936,0.6837509924994323,7.146838561864088
ROOFTOP_DISCONNECTION,9,39724.017874285884,2.140859224789415,0.7689916925598728,6.998561902394962
ROOFTOP_DISCONNECTION,10,39689.88956386655,2.1442501737141604,0.8542445656568809,6.85125510012361
ROOFTOP_DISCONNECTION,11,39655.833323449624,2.1476190468805147,0.939317407141016,6.704907294713747
ROOFTOP_DISCONNECTION,12,39621.77184147584,2.1509661584676003,1.024403342088498,6.559504837855457
ROOFTOP_DISCONNECTION,13,39587.751648038706,2.1542919199632795,1.109386137843571,6.415029854032905
ROOFTOP_DISCONNECTION,14,39553.7812470035,2.157596742199931,1.1942445516626266,6.2714644962052475
ROOFTOP_DISCONNECTION,15,39519.85915352201,2.160881201650899,1.2789822927118832,6.128783721693642
ROOFTOP_DISCONNECTION,16,39485.992470582314,2.1641459433514374,1.363581617653531,5.986959509409351
ROOFTOP_DISCONNECTION,17,39452.18700350058,2.167391716352195,1.4480280247476163,5.845959319712835
ROOFTOP_DISCONNECTION,18,39418.190617277876,2.170559512551493,1.5329513498343106,5.708346533816644
ROOFTOP_DISCONNECTION,19,39384.439407580525,2.173749405133823,1.617262221419935,5.569773855100346
ROOFTOP_DISCONNECTION,20,39349.19287683751,2.176921352477858,1.7053084204735613,5.431980738603315
ROOFTOP_DISCONNECTION,21,39315.20540318069,2.180075898685329,1.7902094818783132,5.294943547907616
ROOFTOP_DISCONNECTION,22,39281.56210125111,2.183230896253292,1.8742507987418056,5.157886749582219
ROOFTOP_DISCONNECTION,23,39247.80282542883,2.186360128659887,1.9585818195910987,5.021949220115019
ROOFTOP_DISCONNECTION,24,39212.55259393924,2.1891416399674277,2.046637263147999,4.901117103415942
ROOFTOP_DISCONNECTION,25,39178.409444986246,2.192134220984108,2.131927203055861,4.7711158707556045
ROOFTOP_DISCONNECTION,26,39144.28775587017,2.195106539111435,2.2171635360687114,4.6419948817974515
ROOFTOP_DISCONNECTION,27,39110.185825514665,2.1980584464213777,2.302350511492901,4.513760562708812
ROOFTOP_DISCONNECTION,28,39076.09388898022,2.20098806345102,2.387512522248525,4.3864945595652465
ROOFTOP_DISCONNECTION,29,39041.97967679876,2.2038897883079214,2.47273017780123,4.260440225151029
ROOFTOP_DISCONNECTION,30,39007.84287063702,2.2067624977947817,2.5580042733508113,4.135646352475475
ROOFTOP_DISCONNECTION,31,38973.65862065745,2.2096047340798717,2.6433968840489763,4.012176271460433
ROOFTOP_DISCONNECTION,32,38940.75552911611,2.212533438220603,2.725589147691898,3.884949925282899
ROOFTOP_DISCONNECTION,33,38907.027264520795,2.2153660357546405,2.8098427021748584,3.7618985629294777
ROOFTOP_DISCONNECTION,34,38873.29644873829,2.218172974145617,2.894102629549855,3.639961863874508
ROOFTOP_DISCONNECTION,35,38839.57326677552,2.2209548867842153,2.978343487564039,3.5191123128831436
ROOFTOP_DISCONNECTION,36,38805.86204484572,2.223712332917387,3.0625544692919338,3.399325615611226
ROOFTOP_DISCONNECTION,37,38772.16959497614,2.226444800276472,3.146718558218864,3.2806240256107455
ROOFTOP_DISCONNECTION,38,38738.49606860529,2.229151287168619,3.2308353760498787,3.16305105759519
ROOFTOP_DISCONNECTION,39,38704.73458245987,2.231834424984335,3.3151719183092676,3.0464924008716476
ROOFTOP_DISCONNECTION,40,38671.07793504558,2.234494530341501,3.39924657233186,2.93093430118766
ROOFTOP_DISCONNECTION,41,38637.46213564516,2.2371310160402103,3.483219187592501,2.8164022671965716
ROOFTOP_DISCONNECTION,42,38603.92015449675,2.2397471434847547,3.5670074040946464,2.702754619667036
ROOFTOP_DISCONNECTION,43,38570.69976277513,2.2423425173170224,3.649992286876058,2.5900085334195633
ROOFTOP_DISCONNECTION,44,38537.10339142588,2.24492066269003,3.733916370663548,2.478010871668601
ROOFTOP_DISCONNECTION,45,38503.642071254486,2.247445448970662,3.8175030952092293,2.368331191534112
ROOFTOP_DISCONNECTION,46,38469.03190316254,2.2499371357532434,3.903959653765887,2.2600893924538124
ROOFTOP_DISCONNECTION,47,38435.202983280644,2.2524057144590235,3.988464646197809,2.1528514353586825
ROOFTOP_DISCONNECTION,48,38401.41275366377,2.254850350357887,4.072872989946774,2.0466535819049114
ROOFTOP_DISCONNECTION,49,38367.63352356696,2.25727028842554,4.157253856780607,1.941528631234224
ROOFTOP_DISCONNECTION,50,38333.862454646856,2.2596647926420252,4.241614336910471,1.8375085569176552
ROOFTOP_DISCONNECTION,51,38300.092901189564,2.2620332215563215,4.325971031398524,1.7346212243406378
ROOFTOP_DISCONNECTION,52,38266.32437500584,2.2643751589022303,4.410325159746565,1.6328847165955063
ROOFTOP_DISCONNECTION,53,38232.55883148719,2.2666905380919786,4.494671837366326,1.5323019263333237
ROOFTOP_DISCONNECTION,54,38198.83768974987,2.268985377916961,4.578907598876214,1.4326113901898196
ROOFTOP_DISCONNECTION,55,38165.17047044591,2.271262036039678,4.663008661588752,1.3337106885380812
ROOFTOP_DISCONNECTION,56,38131.450593567046,2.273504252982349,4.747241263469104,1.2363061521815544
ROOFTOP_DISCONNECTION,57,38097.82751223575,2.2757332089517104,4.831232069068525,1.1394776880739976
ROOFTOP_DISCONNECTION,58,38065.174017731755,2.278088490490343,4.912800836725606,1.0371614929308492
ROOFTOP_DISCONNECTION,59,38031.76817783914,2.280295470947141,4.9962489709599485,0.9412876708883355
ROOFTOP_DISCONNECTION,60,37998.374829727574,2.2824739617135097,5.079665900595787,0.846651474445026
ROOFTOP_DISCONNECTION,61,37965.05485463177,2.284627075693316,5.162899543677879,0.7531176754023816
ROOFTOP_DISCONNECTION,62,37932.009825247085,2.2867837522202317,5.245446369524376,0.6594291151308718
ROOFTOP_DISCONNECTION,63,37897.738828606794,2.2888040410482726,5.331055674279983,0.571665396617882
ROOFTOP_DISCONNECTION,64,37864.003365206256,2.29087699650895,5.415327211452992,0.4816137777524543
ROOFTOP_DISCONNECTION,65,37830.19698084073,2.2929020332385806,5.4997759099314925,0.3936438048203761
ROOFTOP_DISCONNECTION,66,37796.43835952664,2.2949024419875865,5.584105295812536,0.30674370027993225
ROOFTOP_DISCONNECTION,67,37762.98392315911,2.2969300476726877,5.667674824544822,0.21866212890624404
ROOFTOP_DISCONNECTION,68,37729.32339138288,2.2988893665390573,5.7517591817437985,0.13354701710712735
ROOFTOP_DISCONNECTION,69,37695.219245924716,2.300730613299636,5.836951690517389,0.05356109620042737
ROOFTOP_DISCONNECTION,70,37662.03725664639,2.302716894475461,5.919840643597485,-0.03272528997524393
ROOFTOP_DISCONNECTION,71,37628.702794395445,2.3046520306401144,6.003110475743267,-0.11678987682128827
ROOFTOP_DISCONNECTION,72,37595.25342876289,2.3065384118434653,6.0866673377270475,-0.19873649090991208
ROOFTOP_DISCONNECTION,73,37562.008987420064,2.30841186766739,6.16971229671146,-0.28012161134185476
ROOFTOP_DISCONNECTION,74,37528.80909476132,2.310248272579779,6.2526459726213846,-0.35989719667886
ROOFTOP_DISCONNECTION,75,37495.06127886762,2.3120014893857967,6.336948366450301,-0.4360589930120895
ROOFTOP_DISCONNECTION,76,37460.73623462579,2.3136839970571454,6.422692682674668,-0.5091491015226657
ROOFTOP_DISCONNECTION,77,37427.30924613694,2.315522616525632,6.5061936463215675,-0.5890208897764149
ROOFTOP_DISCONNECTION,78,37393.54580694712,2.317257460637828,6.590535067306103,-0.6643845547204652
ROOFTOP_DISCONNECTION,79,37359.80243965258,2.318962612696512,6.674826348488239,-0.7384583620014151
ROOFTOP_DISCONNECTION,80,37326.03520850679,2.320648636438376,6.759177241818081,-0.8117012127430323
ROOFTOP_DISCONNECTION,81,37292.30414433749,2.3223098929843577,6.8434377896658845,-0.883868147418787
ROOFTOP_DISCONNECTION,82,37258.93246812008,2.323931783720856,6.926800582685533,-0.9543249851150515
ROOFTOP_DISCONNECTION,83,37225.282981446966,2.325475966152494,7.010857349102462,-1.0214060828184657
ROOFTOP_DISCONNECTION,84,37191.5910517689,2.3270465560909783,7.095020138585606,-1.0896343536217712
ROOFTOP_DISCONNECTION,85,37157.88459332902,2.3286371985573506,7.179219221066302,-1.1587337297782385
ROOFTOP_DISCONNECTION,86,37124.31181742013,2.3301906021951995,7.2630843631992565,-1.2262154075051823
ROOFTOP_DISCONNECTION,87,37090.90712112546,2.3317171027397423,7.346529640714083,-1.292528383274627
ROOFTOP_DISCONNECTION,88,37057.42138816626,2.3332076388893044,7.430177348656697,-1.3572790235038434
ROOFTOP_DISCONNECTION,89,37023.44278255531,2.3346117780929143,7.515056257590991,-1.4182764789707258
ROOFTOP_DISCONNECTION,90,36989.64704280356,2.336072079901425,7.599478365713952,-1.481713703929488
ROOFTOP_DISCONNECTION,91,36955.87326846506,2.3375246042658038,7.683845604007011,-1.5448130675844274
ROOFTOP_DISCONNECTION,92,36926.50774569216,2.338895704840432,7.757200984206769,-1.6043752862209493
ROOFTOP_DISCONNECTION,93,36888.3237118903,2.3402523228303482,7.852585096342524,-1.6633083643749602
ROOFTOP_DISCONNECTION,94,36854.54540948349,2.341533552553535,7.936963645797135,-1.7189664877163002
ROOFTOP_DISCONNECTION,95,36820.54890258762,2.342813033855072,8.021887272326655,-1.7745486575685199
ROOFTOP_DISCONNECTION,96,36786.98130179396,2.344150132354739,8.105739486968144,-1.8326337861502173
ROOFTOP_DISCONNECTION,97,36753.428899446764,2.3454366582198243,8.189553735732847,-1.888521980113289
ROOFTOP_DISCONNECTION,98,36719.64358672246,2.3466456104487374,8.27394979703322,-1.9410402842494623
ROOFTOP_DISCONNECTION,99,36685.98006886044,2.3478811877048065,8.35804161350544,-1.994715210823128
ROOFTOP_DISCONNECTION,100,36652.17344659849,2.349116897558872,8.442490906251654,-2.048395897609434
